,MAE,MSE,RMSE,R2,set,modelo
0,0.010049112091062594,0.00012990599838027487,0.011397631261813784,0.999999895617009,test,Linear Regresion
1,0.001999347264378914,7.632281691436359e-06,0.002762658446394769,0.999999995075342,train,LinearRegression
