,MAE,MSE,RMSE,R2,set,modelo
0,0.0100491120910625,0.0001299059983802,0.0113976312618137,0.999999895617009,test,Linear Regresion
1,0.0019993472643789,7.632281691436359e-06,0.0027626584463947,0.999999995075342,train,LinearRegression
0,17.704615384615387,794.8038769230768,28.19226626085737,0.361353540099566,test,Decision Tree I
1,0.0,0.0,0.0,1.0,train,Decision Tree I
0,16.139882922507358,803.8128236306159,28.351592964604578,0.35411460721404053,test,Decision tree II
1,11.612891007493083,270.3263450512579,16.441604089968166,0.8255744660719764,train,Decision tree II
